{
  "name": "Wildkamera SMS-Steuerung",
  "short_name": "Wildkameras",
  "description": "Verwaltung und Fernsteuerung von Wildkameras per SMS",
  "start_url": "/index.html",
  "display": "standalone",
  "background_color": "#4CAF50",
  "theme_color": "#4CAF50",
  "orientation": "portrait",
  "icons": [
    {
      "src": "/icons/icon-72x72.png",
      "sizes": "72x72",
      "type": "image/png",
      "purpose": "any maskable"
    },
    {
      "src": "/icons/icon-96x96.png",
      "sizes": "96x96",
      "type": "image/png",
      "purpose": "any maskable"
    },
    {
      "src": "/icons/icon-128x128.png",
      "sizes": "128x128",
      "type": "image/png",
      "purpose": "any maskable"
    },
    {
      "src": "/icons/icon-144x144.png",
      "sizes": "144x144",
      "type": "image/png",
      "purpose": "any maskable"
    },
    {
      "src": "/icons/icon-152x152.png",
      "sizes": "152x152",
      "type": "image/png",
      "purpose": "any maskable"
    },
    {
      "src": "/icons/icon-192x192.png",
      "sizes": "192x192",
      "type": "image/png",
      "purpose": "any maskable"
    },
    {
      "src": "/icons/icon-384x384.png",
      "sizes": "384x384",
      "type": "image/png",
      "purpose": "any maskable"
    },
    {
      "src": "/icons/icon-512x512.png",
      "sizes": "512x512",
      "type": "image/png",
      "purpose": "any maskable"
    }
  ],
  "shortcuts": [
    {
      "name": "Foto anfordern",
      "short_name": "Foto",
      "description": "Fordere ein Foto von der Wildkamera an",
      "url": "/?action=photo",
      "icons": [{ "src": "/icons/shortcut-photo.png", "sizes": "96x96" }]
    },
    {
      "name": "Status abfragen",
      "short_name": "Status",
      "description": "Frage den Status der Wildkamera ab",
      "url": "/?action=status",
      "icons": [{ "src": "/icons/shortcut-status.png", "sizes": "96x96" }]
    }
  ],
  "share_target": {
    "action": "/share-target",
    "method": "GET",
    "enctype": "application/x-www-form-urlencoded",
    "params": {
      "title": "title",
      "text": "text",
      "url": "url"
    }
  },
  "related_applications": [],
  "prefer_related_applications": false,
  "categories": ["utilities", "productivity"],
  "lang": "de",
  "dir": "ltr",
  "scope": "/",
  "serviceworker": {
    "src": "/service-worker.js",
    "scope": "/",
    "update_via_cache": "none"
  }
}
